{"GPS Ramp": {"trust": {"gps": 0.10091808070174255, "imu": 0.1251824271641638, "lidar": 0.09970955714254753, "camera": 0.031799136614562615}, "ranking": [["camera", 4.926165914357199], ["lidar", 3.2935624965800603], ["gps", 3.2763516762956355], ["imu", 2.9685474118299546]]}, "GPS Step": {"trust": {"gps": 0.30870377499786683, "imu": 0.32136063409273324, "lidar": 0.25715528916881886, "camera": 0.29142131021283}, "ranking": [["lidar", 1.940107340791761], ["camera", 1.7614075106370901], ["gps", 1.6791044555067132], ["imu", 1.621701879684528]]}, "IMU Bias": {"trust": {"gps": 0.0014845684160179793, "imu": 0.0029237777845170622, "lidar": 0.0018490468243802002, "camera": 0.002612273540665536}, "ranking": [["gps", 9.303758825589103], ["lidar", 8.990121432476114], ["camera", 8.496477640638906], ["imu", 8.33554105295674]]}, "IMU Noise": {"trust": {"gps": 0.046340273650755825, "imu": 0.0631631559133393, "lidar": 0.0449670488213877, "camera": 0.0580433242927361}, "ranking": [["lidar", 4.431179008357486], ["gps", 4.388205506733719], ["camera", 4.066522252449949], ["imu", 3.94576303411528]]}, "IMU Burst": {"trust": {"gps": 0.21338160005919027, "imu": 0.2301541401964466, "lidar": 0.1784278219812637, "camera": 0.21223252506382945}, "ranking": [["lidar", 2.462244454551185], ["camera", 2.2143896986212614], ["gps", 2.2066759522997272], ["imu", 2.098580028226585]]}, "LiDAR Phantom": {"trust": {"gps": 0.1748575824002677, "imu": 0.17978933273926267, "lidar": 0.11337806871923616, "camera": 0.16980871802005312}, "ranking": [["lidar", 3.1100390056140013], ["camera", 2.532975233640869], ["gps", 2.4911192160590248], ["imu", 2.4513849816925806]]}, "Camera Noise": {"trust": {"gps": 0.32715244544625127, "imu": 0.3373903497844676, "lidar": 0.275328474003796, "camera": 0.28766301640560354}, "ranking": [["lidar", 1.842557775973767], ["camera", 1.7799508083592666], ["gps", 1.5961843181347475], ["imu", 1.5521638728358464]]}, "Coord GPS+IMU": {"trust": {"gps": 0.009801451666300299, "imu": 0.01963302803494665, "lidar": 0.015457859123972706, "camera": 0.005152089721214583}, "ranking": [["camera", 7.526218393570997], ["gps", 6.6074639643733475], ["lidar", 5.956625319727865], ["imu", 5.615060038737608]]}, "Coord GPS+Cam": {"trust": {"gps": 0.09671245144006628, "imu": 0.12002717698825087, "lidar": 0.09680936218793998, "camera": 0.028377674582796043}, "ranking": [["camera", 5.088789355997267], ["gps", 3.337161601732521], ["lidar", 3.335730817941163], ["imu", 3.028624409913671]]}, "Coord GPS+LiDAR": {"trust": {"gps": 0.051900377727922484, "imu": 0.06424226722742078, "lidar": 0.040236624141136185, "camera": 0.01704309437015317}, "ranking": [["camera", 5.817157399392421], ["lidar", 4.589968071175422], ["gps", 4.22632744406018], ["imu", 3.921562738410022]]}, "Coord IMU+LiDAR": {"trust": {"gps": 0.0026398479152778213, "imu": 0.005091819865731777, "lidar": 0.003403220846414365, "camera": 0.003478690515340483}, "ranking": [["gps", 8.48147710190374], ["lidar", 8.118618554291325], ["camera", 8.087284778150535], ["imu", 7.543028535498765]]}, "Coord IMU+Cam": {"trust": {"gps": 0.0014949889867538941, "imu": 0.00294560980345302, "lidar": 0.0018525535100890815, "camera": 0.0026512792200080897}, "ranking": [["gps", 9.293766341266322], ["lidar", 8.987414736961385], ["camera", 8.475304329895224], ["imu", 8.324913456175054]]}, "Coord LiDAR+Cam": {"trust": {"gps": 0.1718985876315335, "imu": 0.17676186488472181, "lidar": 0.11327393939227118, "camera": 0.16391661378594613}, "ranking": [["lidar", 3.111351645136448], ["camera", 2.5834249042692496], ["gps", 2.5155008326407606], ["imu", 2.4756454977111164]]}, "ALL FOUR": {"trust": {"gps": 0.0008905284098839573, "imu": 0.0025700476262974364, "lidar": 0.0018643018802909242, "camera": 0.0003470719850326731}, "ranking": [["camera", 11.379969071243199], ["gps", 10.033850789212467], ["lidar", 8.978383746979894], ["imu", 8.519758355162105]]}}