{"GPS Ramp": {"trust": {"gps": 1.1479178592486e-05, "imu": 0.009549253102777473, "lidar": 0.0062635010007167065, "camera": 0.006702564226694869}, "ranking": [["gps", 16.249965315442772], ["lidar", 7.247165692729243], ["camera", 7.150378722002528], ["imu", 6.6447033381160585]]}, "GPS Step": {"trust": {"gps": 0.28243679515878184, "imu": 0.2792635688428739, "lidar": 0.1828936860245187, "camera": 0.19311900072662083}, "ranking": [["lidar", 2.4269289223480603], ["camera", 2.3492124228733666], ["imu", 1.8222846455822457], ["gps", 1.806143553398615]]}, "IMU Bias": {"trust": {"gps": 0.13649860920803708, "imu": 0.08677391898755335, "lidar": 0.1436247457006072, "camera": 0.15811112263685773}, "ranking": [["imu", 3.492070249943374], ["gps", 2.8449155048016284], ["lidar", 2.7722161619909613], ["camera", 2.634938836188581]]}, "IMU Noise": {"trust": {"gps": 0.19820837342306943, "imu": 0.15389473182253635, "lidar": 0.1620962432886533, "camera": 0.17110374498855493}, "ranking": [["imu", 2.6735520998511526], ["lidar", 2.5993786082564987], ["camera", 2.5221217294364173], ["gps", 2.3120520151960333]]}, "IMU Burst": {"trust": {"gps": 0.25970746044850684, "imu": 0.233287643152091, "lidar": 0.1759180517839711, "camera": 0.18240116702784392}, "ranking": [["lidar", 2.482481438914352], ["camera", 2.430781147404865], ["imu", 2.0792615240622596], ["gps", 1.9259991907808396]]}, "LiDAR Phantom": {"trust": {"gps": 0.18597133682862346, "imu": 0.18394258389795592, "lidar": 0.06052975155387093, "camera": 0.1473677480298884}, "ranking": [["lidar", 4.006600390856082], ["camera", 2.735463041336791], ["imu", 2.418759448716956], ["gps", 2.4030896003085016]]}, "Camera Noise": {"trust": {"gps": 0.25041481617385336, "imu": 0.2477600102290461, "lidar": 0.17081521907942523, "camera": 0.14187586675025005}, "ranking": [["camera", 2.7897182593032395], ["lidar", 2.524532709881112], ["imu", 1.9932781457586897], ["gps", 1.978052102118992]]}, "Coord GPS+IMU": {"trust": {"gps": 0.00010461562936977094, "imu": 0.014474196871484579, "lidar": 0.013703830835425973, "camera": 0.014982847703176861}, "ranking": [["gps", 13.093167995906377], ["lidar", 6.1286855174449935], ["imu", 6.050553915568036], ["camera", 6.001213169448943]]}, "Coord GPS+Cam": {"trust": {"gps": 1.0729916734948795e-05, "imu": 0.008613371304733039, "lidar": 0.0059442303864753005, "camera": 0.005363012021114353}, "ranking": [["gps", 16.34639251625027], ["camera", 7.468899310704589], ["lidar", 7.321906018309401], ["imu", 6.7920564004304635]]}, "Coord GPS+LiDAR": {"trust": {"gps": 7.556039094603159e-06, "imu": 0.006287761338896046, "lidar": 0.0020710149085426646, "camera": 0.00511325003675684}, "ranking": [["gps", 16.847376334795765], ["lidar", 8.828166425539598], ["camera", 7.537028659882073], ["imu", 7.241643113693875]]}, "Coord IMU+LiDAR": {"trust": {"gps": 0.08987923101371902, "imu": 0.0633287636888114, "lidar": 0.052671550433251474, "camera": 0.1206608366965715}, "ranking": [["lidar", 4.205256870253051], ["imu", 3.9420223576782676], ["gps", 3.441840553430313], ["camera", 3.0211023880870913]]}, "Coord IMU+Cam": {"trust": {"gps": 0.12131805406890302, "imu": 0.1024819424857278, "lidar": 0.13436762814584516, "camera": 0.1552684245944697}, "ranking": [["imu", 3.254383809706476], ["gps", 3.0133423370666423], ["lidar", 2.867393917021545], ["camera", 2.660856983247281]]}, "Coord LiDAR+Cam": {"trust": {"gps": 0.1653708898543692, "imu": 0.16368912825317775, "lidar": 0.06162370776053306, "camera": 0.1187521817397268}, "ranking": [["lidar", 3.9810123089175122], ["camera", 3.043880662415846], ["imu", 2.5854088706230494], ["gps", 2.5708064433488422]]}, "ALL FOUR": {"trust": {"gps": 4.004063426349837e-06, "imu": 0.003028990364232272, "lidar": 0.0018359300382652856, "camera": 0.00465797317526904}, "ranking": [["gps", 17.754572651271502], ["lidar", 9.000291561471242], ["imu", 8.28503704016193], ["camera", 7.670249809126021]]}}