{"GPS Ramp": {"trust": {"gps": 1.1479178592486e-05, "imu": 0.009549253102777473, "lidar": 0.0062635010007167065, "camera": 0.006702564226694869}, "ranking": [["gps", 16.249965315442772], ["lidar", 7.247165692729243], ["camera", 7.150378722002528], ["imu", 6.6447033381160585]]}, "GPS Step": {"trust": {"gps": 0.28243679515878184, "imu": 0.2792635688428739, "lidar": 0.1828936860245187, "camera": 0.19311900072662083}, "ranking": [["lidar", 2.4269289223480603], ["camera", 2.3492124228733666], ["imu", 1.8222846455822457], ["gps", 1.806143553398615]]}, "IMU Bias": {"trust": {"gps": 0.13649860920803708, "imu": 0.08677391898755335, "lidar": 0.1436247457006072, "camera": 0.15811112263685773}, "ranking": [["imu", 3.492070249943374], ["gps", 2.8449155048016284], ["lidar", 2.7722161619909613], ["camera", 2.634938836188581]]}, "IMU Noise": {"trust": {"gps": 0.20100375086551436, "imu": 0.15121599031988622, "lidar": 0.15969804240818855, "camera": 0.16827696597803263}, "ranking": [["imu", 2.698637235349402], ["lidar", 2.620672116812492], ["camera", 2.5459200714679686], ["gps", 2.292045300106738]]}, "IMU Burst": {"trust": {"gps": 0.25589783662684934, "imu": 0.23132985154789182, "lidar": 0.17848555800211235, "camera": 0.18092254691222126}, "ranking": [["lidar", 2.461782269409753], ["camera", 2.4424089384445966], ["imu", 2.0913009402891736], ["gps", 1.9471099854726204]]}, "LiDAR Phantom": {"trust": {"gps": 0.18594772310405006, "imu": 0.18391922777443945, "lidar": 0.060510647454989575, "camera": 0.1473586559319917}, "ranking": [["lidar", 4.007051340626251], ["camera", 2.7355511821420295], ["imu", 2.418940853199422], ["gps", 2.403271004790967]]}, "Camera Noise": {"trust": {"gps": 0.2506690973844137, "imu": 0.248041951267112, "lidar": 0.17086014601987742, "camera": 0.14221894206930494}, "ranking": [["camera", 2.786267947494088], ["lidar", 2.5241570237741877], ["imu", 1.9916534125538339], ["gps", 1.9766022096216203]]}, "Coord GPS+IMU": {"trust": {"gps": 0.00010461562936977094, "imu": 0.014474196871484579, "lidar": 0.013703830835425973, "camera": 0.014982847703176861}, "ranking": [["gps", 13.093167995906377], ["lidar", 6.1286855174449935], ["imu", 6.050553915568036], ["camera", 6.001213169448943]]}, "Coord GPS+Cam": {"trust": {"gps": 1.0715641492240802e-05, "imu": 0.008603731649015404, "lidar": 0.005935674282569865, "camera": 0.005342182356367604}, "ranking": [["gps", 16.34829437458984], ["camera", 7.474458612185198], ["lidar", 7.323963780224688], ["imu", 6.793656081656211]]}, "Coord GPS+LiDAR": {"trust": {"gps": 7.55913321121997e-06, "imu": 0.006290336109433565, "lidar": 0.0020735345730258964, "camera": 0.005115280821483974}, "ranking": [["gps", 16.84679146992387], ["lidar", 8.826429435234717], ["camera", 7.5364613993209835], ["imu", 7.24105824882198]]}, "Coord IMU+LiDAR": {"trust": {"gps": 0.08989022407146138, "imu": 0.0633361131028727, "lidar": 0.052691349445789945, "camera": 0.12067742609316126}, "ranking": [["lidar", 4.20471997721021], ["imu", 3.94185657907851], ["gps", 3.4416658366719464], ["camera", 3.0209059904023747]]}, "Coord IMU+Cam": {"trust": {"gps": 0.12121530522876438, "imu": 0.10257015447869898, "lidar": 0.1342693356509794, "camera": 0.15515687369517145}, "ranking": [["imu", 3.25315468654748], ["gps", 3.014552760791836], ["lidar", 2.868439326812438], ["camera", 2.661883693604371]]}, "Coord LiDAR+Cam": {"trust": {"gps": 0.165154163089812, "imu": 0.16349630791443154, "lidar": 0.0616239072947474, "camera": 0.11827745813791574}, "ranking": [["lidar", 3.981007683288408], ["camera", 3.0496029634845185], ["imu", 2.587092672089866], ["gps", 2.5726798850457264]]}, "ALL FOUR": {"trust": {"gps": 4.004798211234557e-06, "imu": 0.0030318775751639296, "lidar": 0.0018388204716960866, "camera": 0.004671654081243545}, "ranking": [["gps", 17.754310518463395], ["lidar", 8.99804422987374], ["imu", 8.283675985145235], ["camera", 7.666060110038699]]}}