{"GPS Ramp": {"trust": {"gps": 1.1479178696409025e-05, "imu": 0.009549253183654743, "lidar": 0.006263501064473673, "camera": 0.006702564412171502}, "ranking": [["gps", 16.24996530250966], ["lidar", 7.247165678187634], ["camera", 7.150378682470402], ["imu", 6.644703326016793]]}, "GPS Step": {"trust": {"gps": 0.2824367975535795, "imu": 0.27926357120809275, "lidar": 0.18289368788598584, "camera": 0.193119005960074}, "ranking": [["lidar", 2.426928907808254], ["camera", 2.349212384159612], ["imu", 1.82228463348298], ["gps", 1.8061435412856768]]}, "IMU Bias": {"trust": {"gps": 0.1364986103654165, "imu": 0.08677391975330097, "lidar": 0.14362474716198484, "camera": 0.15811112697822}, "ranking": [["imu", 3.492070237336762], ["gps", 2.8449154926886906], ["lidar", 2.7722161474552887], ["camera", 2.6349387969633455]]}, "IMU Noise": {"trust": {"gps": 0.19852228436536856, "imu": 0.1473710104583326, "lidar": 0.15882617848489752, "camera": 0.16695961572325252}, "ranking": [["imu", 2.7354314159605617], ["lidar", 2.6284927026223954], ["camera", 2.557147596893561], ["gps", 2.309791316215169]]}, "IMU Burst": {"trust": {"gps": 0.25778614594354754, "imu": 0.2285406613012942, "lidar": 0.17559369348182324, "camera": 0.18035397462018257}, "ranking": [["lidar", 2.485117875055246], ["camera", 2.446905476435117], ["imu", 2.1086301938238927], ["gps", 1.9366070421040935]]}, "LiDAR Phantom": {"trust": {"gps": 0.18601040015321407, "imu": 0.18398122108075093, "lidar": 0.06057070379731965, "camera": 0.1474055250845861}, "ranking": [["lidar", 4.0056341978391], ["camera", 2.7350968804517017], ["imu", 2.4184594084647224], ["gps", 2.4027895600426916]]}, "Camera Noise": {"trust": {"gps": 0.25076312477569407, "imu": 0.2480864998934086, "lidar": 0.17111242729517376, "camera": 0.14250794944732162}, "ranking": [["camera", 2.7833678503345016], ["lidar", 2.522049241364976], ["imu", 1.9913968624820468], ["gps", 1.9760664449047773]]}, "Coord GPS+IMU": {"trust": {"gps": 0.00010461563031687484, "imu": 0.014474196968761592, "lidar": 0.01370383097483242, "camera": 0.014982848091682698}, "ranking": [["gps", 13.093167982973267], ["lidar", 6.128685502912411], ["imu", 6.050553905967009], ["camera", 6.00121313240603]]}, "Coord GPS+Cam": {"trust": {"gps": 1.072360498076101e-05, "imu": 0.008607963465282422, "lidar": 0.005937862245353052, "camera": 0.005350753654749484}, "ranking": [["gps", 16.3472331047631], ["camera", 7.472168368498347], ["lidar", 7.323437288198178], ["imu", 6.792953599780754]]}, "Coord GPS+LiDAR": {"trust": {"gps": 7.557893502892363e-06, "imu": 0.0062893044819193, "lidar": 0.002072580383398102, "camera": 0.00511460454394829}, "ranking": [["gps", 16.847025776832766], ["lidar", 8.827086979985935], ["camera", 7.5366502793977705], ["imu", 7.2412925565646225]]}, "Coord IMU+LiDAR": {"trust": {"gps": 0.08990520653551808, "imu": 0.06334853444484219, "lidar": 0.05271871618423306, "camera": 0.12069631577422403}, "ranking": [["lidar", 4.2039782009618465], ["imu", 3.9415764381988927], ["gps", 3.4414277491959933], ["camera", 3.0206823931004694]]}, "Coord IMU+Cam": {"trust": {"gps": 0.1211829281039392, "imu": 0.102600549786202, "lidar": 0.1343051405406188, "camera": 0.15520277309849964}, "ranking": [["imu", 3.2527314110283494], ["gps", 3.014934389280655], ["lidar", 2.8680584280511683], ["camera", 2.661461147842777]]}, "Coord LiDAR+Cam": {"trust": {"gps": 0.16513896800462502, "imu": 0.1634503931097479, "lidar": 0.06157713867133184, "camera": 0.11828947813867492}, "ranking": [["lidar", 3.982092289703078], ["camera", 3.049457791636406], ["imu", 2.587493915340495], ["gps", 2.5728113274677726]]}, "ALL FOUR": {"trust": {"gps": 4.007092328443768e-06, "imu": 0.003033339609600801, "lidar": 0.001836071780157949, "camera": 0.004667444479265734}, "ranking": [["gps", 17.753492406839875], ["lidar", 9.000181273716386], ["imu", 8.282987264329169], ["camera", 7.667347968278866]]}}