{"GPS Ramp": {"trust": {"gps": 8.69500394805728e-06, "imu": 0.006403752660471284, "lidar": 0.005103984982387347, "camera": 0.004637237443721495}, "ranking": [["gps", 16.646802794424985], ["camera", 7.676623526514909], ["lidar", 7.5396195360945795], ["imu", 7.215530153222487]]}, "GPS Step": {"trust": {"gps": 0.16632731534086737, "imu": 0.17319300386399206, "lidar": 0.13454965382210252, "camera": 0.12441826357869465}, "ranking": [["camera", 2.977294708742175], ["lidar", 2.8654599638134917], ["gps", 2.5625680755266833], ["imu", 2.504783824378004]]}, "IMU Bias": {"trust": {"gps": 0.0843122436135548, "imu": 0.07129207340443577, "lidar": 0.12225165604696958, "camera": 0.11119769936587855}, "ranking": [["imu", 3.77281447170044], ["gps", 3.5331831227506787], ["camera", 3.137779409336353], ["lidar", 3.0023908633177543]]}, "IMU Noise": {"trust": {"gps": 0.12312058319390362, "imu": 0.12211995679345206, "lidar": 0.13187874324149468, "camera": 0.12091526493968957}, "ranking": [["camera", 3.0180932406534766], ["imu", 3.0039306641707872], ["gps", 2.9922729323859176], ["lidar", 2.8941034148357403]]}, "IMU Burst": {"trust": {"gps": 0.1523551178965764, "imu": 0.1364804673398594, "lidar": 0.1247934246598719, "camera": 0.11540422370082326}, "ranking": [["camera", 3.0847347500726516], ["lidar", 2.972993587792967], ["imu", 2.8451053871538248], ["gps", 2.687915972992553]]}, "LiDAR Phantom": {"trust": {"gps": 0.13752073160553274, "imu": 0.14318207035819244, "lidar": 0.08034065831646518, "camera": 0.10868611062928384}, "ranking": [["lidar", 3.6021135085054485], ["camera", 3.1704161001695246], ["gps", 2.8342579970400013], ["imu", 2.776626056129293]]}, "Camera Noise": {"trust": {"gps": 0.15391743046788198, "imu": 0.16013377989326794, "lidar": 0.12281476684527066, "camera": 0.09716927816327901}, "ranking": [["camera", 3.3304295510783892], ["lidar", 2.995825741879576], ["gps", 2.6733414087853706], ["imu", 2.6167795553894457]]}, "Coord GPS+IMU": {"trust": {"gps": 7.61732414826082e-05, "imu": 0.010363023817108899, "lidar": 0.011546221210961381, "camera": 0.010248804442544742}, "ranking": [["gps", 13.546429026555606], ["camera", 6.543706028503425], ["imu", 6.527873157856412], ["lidar", 6.373424376325078]]}, "Coord GPS+Cam": {"trust": {"gps": 8.12603541842085e-06, "imu": 0.005962345022345592, "lidar": 0.0047465579926078945, "camera": 0.0037524958379246388}, "ranking": [["gps", 16.74348200250633], ["camera", 7.9790487194351485], ["lidar", 7.643336509634657], ["imu", 7.31755916452131]]}, "Coord GPS+LiDAR": {"trust": {"gps": 7.187687548869314e-06, "imu": 0.005293070182236315, "lidar": 0.003045993777678146, "camera": 0.004050293064942582}, "ranking": [["gps", 16.918772940607873], ["lidar", 8.277040096136917], ["camera", 7.869951483953507], ["imu", 7.487652609643342]]}, "Coord IMU+LiDAR": {"trust": {"gps": 0.06969616556426787, "imu": 0.05999780304253607, "lidar": 0.0742846190361584, "camera": 0.09712423477389197}, "ranking": [["imu", 4.019210476268785], ["gps", 3.8051571087915588], ["lidar", 3.7140733718781274], ["camera", 3.331091927287501]]}, "Coord IMU+Cam": {"trust": {"gps": 0.07818728708402807, "imu": 0.07124745915015084, "lidar": 0.11206435837969131, "camera": 0.09446745022740627}, "ranking": [["imu", 3.773708745028232], ["gps", 3.64092601986377], ["camera", 3.3707142083632187], ["lidar", 3.126688491903736]]}, "Coord LiDAR+Cam": {"trust": {"gps": 0.12774427262871077, "imu": 0.13290564381367465, "lidar": 0.0765296375510319, "camera": 0.08935411165049083}, "ranking": [["lidar", 3.6715388488703726], ["camera", 3.4502114586892327], ["gps", 2.939606976507582], ["imu", 2.8830226393507816]]}, "ALL FOUR": {"trust": {"gps": 3.959269323907519e-06, "imu": 0.0025884484261551426, "lidar": 0.002681809265335777, "camera": 0.003195813442218379}, "ranking": [["gps", 17.770644376982123], ["imu", 8.509566637201921], ["lidar", 8.458948018900443], ["camera", 8.208448035791333]]}}