{"GPS Ramp": {"trust": {"gps": 4.1954859505183356e-13, "imu": 2.2829839909507688e-05, "lidar": 1.0219526597303957e-05, "camera": 1.4569298330689915e-05}, "ranking": [["gps", 40.71371005043256], ["lidar", 16.41601470780673], ["camera", 15.909420139163462], ["imu", 15.26777444247612]]}, "GPS Step": {"trust": {"gps": 0.1886366483862483, "imu": 0.1773210679064381, "lidar": 0.07816318319657363, "camera": 0.11026901753734498}, "ranking": [["lidar", 3.641366493437606], ["camera", 3.149760406944116], ["imu", 2.471133209488307], ["gps", 2.3827608708562678]]}, "IMU Bias": {"trust": {"gps": 0.04953831865165465, "imu": 0.012221838966981636, "lidar": 0.044811636468904285, "camera": 0.05048076955546171}, "ranking": [["imu", 6.292186926092209], ["lidar", 4.436124900969998], ["gps", 4.2928697067206985], ["camera", 4.265946880151196]]}, "IMU Noise": {"trust": {"gps": 0.10580234995898559, "imu": 0.06173594581946193, "lidar": 0.06349080156925108, "camera": 0.08426620943144973}, "ranking": [["imu", 3.978412753491164], ["lidar", 3.9383717725049343], ["camera", 3.533963330632999], ["gps", 3.208832212102913]]}, "IMU Burst": {"trust": {"gps": 0.16463775413060455, "imu": 0.13830030562378298, "lidar": 0.07512884531202073, "camera": 0.10251996963451483}, "ranking": [["lidar", 3.6979295741699323], ["camera", 3.25385381953879], ["imu", 2.8261826149325975], ["gps", 2.5771537829735576]]}, "LiDAR Phantom": {"trust": {"gps": 0.1511384791219445, "imu": 0.14210224601796617, "lidar": 0.0442683210245787, "camera": 0.09726458492552788}, "ranking": [["lidar", 4.4535513696615086], ["camera", 3.329029048858868], ["imu", 2.7874406258671094], ["gps", 2.6993696887866143]]}, "Camera Noise": {"trust": {"gps": 0.13329008246944196, "imu": 0.12581578922190953, "lidar": 0.05627195433129659, "camera": 0.03980062016559974}, "ranking": [["camera", 4.605532549661285], ["lidar", 4.110798592602123], ["imu", 2.961337760119367], ["gps", 2.878896363777861]]}, "Coord GPS+IMU": {"trust": {"gps": 2.100389804736296e-10, "imu": 7.942596827196037e-05, "lidar": 8.190077412950013e-05, "camera": 9.974369619251305e-05}, "ranking": [["gps", 31.83389711590512], ["imu", 13.486693124086466], ["lidar", 13.442860164313249], ["camera", 13.161295286080414]]}, "Coord GPS+Cam": {"trust": {"gps": 3.068455712347518e-13, "imu": 1.6974147597475376e-05, "lidar": 7.657326297923732e-06, "camera": 5.93618884286972e-06}, "ranking": [["gps", 41.16061685596732], ["camera", 17.192061770647594], ["lidar", 16.828353832016276], ["imu", 15.691170144215938]]}, "Coord GPS+LiDAR": {"trust": {"gps": 3.3637776312248557e-13, "imu": 1.830794087151799e-05, "lidar": 5.7996761908661504e-06, "camera": 1.2859674097712607e-05}, "ranking": [["gps", 41.02934510212343], ["lidar", 17.22529781590202], ["camera", 16.087734545428546], ["imu", 15.58310809261545]]}, "Coord IMU+LiDAR": {"trust": {"gps": 0.0397069998415535, "imu": 0.012164902316275253, "lidar": 0.03154647699718929, "camera": 0.044543890716438495}, "ranking": [["imu", 6.298857618111674], ["lidar", 4.9375619433489435], ["gps", 4.608896840577456], ["camera", 4.444686096653921]]}, "Coord IMU+Cam": {"trust": {"gps": 0.034913332535598564, "imu": 0.021078392768702832, "lidar": 0.031853288738087106, "camera": 0.043615456180165574}, "ranking": [["imu", 5.513581146549516], ["lidar", 4.923735207445447], ["gps", 4.792695002354152], ["camera", 4.474776702717406]]}, "Coord LiDAR+Cam": {"trust": {"gps": 0.106348746391115, "imu": 0.10047203523529549, "lidar": 0.03541147394376228, "camera": 0.038662571395231625}, "ranking": [["lidar", 4.772456269505251], ["camera", 4.646976134778943], ["imu", 3.2826797808124444], ["gps", 3.201473607118619]]}, "ALL FOUR": {"trust": {"gps": 9.401706469578515e-14, "imu": 4.126574198608759e-06, "lidar": 3.2951245908086095e-06, "camera": 5.690370229275434e-06}, "ranking": [["gps", 42.85042869971441], ["lidar", 18.03295225520449], ["imu", 17.711518552960513], ["camera", 17.252478921837554]]}}