{"GPS Ramp": {"trust": {"gps": 8.69500394805728e-06, "imu": 0.006403752660471284, "lidar": 0.005103984982387347, "camera": 0.004637237443721495}, "ranking": [["gps", 16.646802794424985], ["camera", 7.676623526514909], ["lidar", 7.5396195360945795], ["imu", 7.215530153222487]]}, "GPS Step": {"trust": {"gps": 0.16632731534086737, "imu": 0.17319300386399206, "lidar": 0.13454965382210252, "camera": 0.12441826357869465}, "ranking": [["camera", 2.977294708742175], ["lidar", 2.8654599638134917], ["gps", 2.5625680755266833], ["imu", 2.504783824378004]]}, "IMU Bias": {"trust": {"gps": 0.0843122436135548, "imu": 0.07129207340443577, "lidar": 0.12225165604696958, "camera": 0.11119769936587855}, "ranking": [["imu", 3.77281447170044], ["gps", 3.5331831227506787], ["camera", 3.137779409336353], ["lidar", 3.0023908633177543]]}, "IMU Noise": {"trust": {"gps": 0.12135175918475131, "imu": 0.1182921956261512, "lidar": 0.12970630699798372, "camera": 0.120822794339389}, "ranking": [["imu", 3.049424973160617], ["camera", 3.0191861663136677], ["gps", 3.0129455001864254], ["lidar", 2.9178322303648696]]}, "IMU Burst": {"trust": {"gps": 0.15379677630525934, "imu": 0.14510658795507553, "lidar": 0.12818218079369453, "camera": 0.11833472213452378}, "ranking": [["camera", 3.0489114884223047], ["lidar", 2.934718199321881], ["imu", 2.7575524532315097], ["gps", 2.6744616891916704]]}, "LiDAR Phantom": {"trust": {"gps": 0.13751839857296985, "imu": 0.14317964128129135, "lidar": 0.0803386988807461, "camera": 0.10868714758684316}, "ranking": [["lidar", 3.6021483504905465], ["camera", 3.1704024704530265], ["gps", 2.8342822328907995], ["imu", 2.776650291980091]]}, "Camera Noise": {"trust": {"gps": 0.1539831738053664, "imu": 0.1602244187935417, "lidar": 0.12296891613612505, "camera": 0.09738788753882349}, "ranking": [["camera", 3.3272191914062255], ["lidar", 2.994033814125452], ["gps", 2.672731347917201], ["imu", 2.6159711843395765]]}, "Coord GPS+IMU": {"trust": {"gps": 7.61732414826082e-05, "imu": 0.010363023817108899, "lidar": 0.011546221210961381, "camera": 0.010248804442544742}, "ranking": [["gps", 13.546429026555606], ["camera", 6.543706028503425], ["imu", 6.527873157856412], ["lidar", 6.373424376325078]]}, "Coord GPS+Cam": {"trust": {"gps": 8.109033171835499e-06, "imu": 0.005951912932594113, "lidar": 0.004746119586145176, "camera": 0.003737747300622711}, "ranking": [["gps", 16.746474158953085], ["camera", 7.984674535805151], ["lidar", 7.6434684629095875], ["imu", 7.320060871169626]]}, "Coord GPS+LiDAR": {"trust": {"gps": 7.188723848162398e-06, "imu": 0.0052938333212641, "lidar": 0.003047369181531887, "camera": 0.004050953762311584}, "ranking": [["gps", 16.918566988298466], ["lidar", 8.276395177166973], ["camera", 7.86971846960238], ["imu", 7.487446657333935]]}, "Coord IMU+LiDAR": {"trust": {"gps": 0.06969717210767004, "imu": 0.0599999794533376, "lidar": 0.07428598001772509, "camera": 0.09712108849034742}, "ranking": [["imu", 4.0191586560063834], ["gps", 3.8051364776886665], ["lidar", 3.7140471990095594], ["camera", 3.3311382057842263]]}, "Coord IMU+Cam": {"trust": {"gps": 0.0781057393984538, "imu": 0.07113058847139823, "lidar": 0.11178785781789383, "camera": 0.09398166671824244}, "ranking": [["imu", 3.7760540244135172], ["gps", 3.6424167671718344], ["camera", 3.378079358066042], ["lidar", 3.13021761491321]]}, "Coord LiDAR+Cam": {"trust": {"gps": 0.12730776780398229, "imu": 0.1324532080375765, "lidar": 0.07649406798060907, "camera": 0.08865146918307244}, "ranking": [["lidar", 3.672202976990538], ["camera", 3.461489533928788], ["gps", 2.9444967937292414], ["imu", 2.887894061161602]]}, "ALL FOUR": {"trust": {"gps": 3.9650920232454955e-06, "imu": 0.002594131094046462, "lidar": 0.002686299220693966, "camera": 0.0032096505044972084}, "ranking": [["gps", 17.768544991796617], ["imu", 8.506433795647085], ["lidar", 8.456558267108827], ["camera", 8.202276035530613]]}}