{"GPS Ramp": {"trust": {"gps": 8.69500394805728e-06, "imu": 0.006403752660471284, "lidar": 0.005103984982387347, "camera": 0.004637237443721495}, "ranking": [["gps", 16.646802794424985], ["camera", 7.676623526514909], ["lidar", 7.5396195360945795], ["imu", 7.215530153222487]]}, "GPS Step": {"trust": {"gps": 0.16632731534086737, "imu": 0.17319300386399206, "lidar": 0.13454965382210252, "camera": 0.12441826357869465}, "ranking": [["camera", 2.977294708742175], ["lidar", 2.8654599638134917], ["gps", 2.5625680755266833], ["imu", 2.504783824378004]]}, "IMU Bias": {"trust": {"gps": 0.0843122436135548, "imu": 0.07129207340443577, "lidar": 0.12225165604696958, "camera": 0.11119769936587855}, "ranking": [["imu", 3.77281447170044], ["gps", 3.5331831227506787], ["camera", 3.137779409336353], ["lidar", 3.0023908633177543]]}, "IMU Noise": {"trust": {"gps": 0.1232823575016294, "imu": 0.1292804100054022, "lidar": 0.13586363062221676, "camera": 0.12408764084340503}, "ranking": [["gps", 2.9903970928651096], ["camera", 2.9810959743342287], ["imu", 2.922530732516719], ["lidar", 2.851576589021726]]}, "IMU Burst": {"trust": {"gps": 0.15378941147846042, "imu": 0.1490748667956305, "lidar": 0.13004399458155613, "camera": 0.119836094639994}, "ranking": [["camera", 3.0309004969453888], ["lidar", 2.9141178084564494], ["imu", 2.7190094821609367], ["gps", 2.674530100463445]]}, "LiDAR Phantom": {"trust": {"gps": 0.13746982843788613, "imu": 0.14312907165140595, "lidar": 0.0802619142155748, "camera": 0.10866001027754199}, "ranking": [["lidar", 3.6035143774945473], ["camera", 3.1707592046776494], ["gps", 2.8347868792804887], ["imu", 2.7771549383697796]]}, "Camera Noise": {"trust": {"gps": 0.1542150152691124, "imu": 0.16045626851367403, "lidar": 0.12335570468218351, "camera": 0.09798288368620482}, "ranking": [["camera", 3.318517816898518], ["lidar", 2.989547413065754], ["gps", 2.670582067582144], ["imu", 2.6139054912266233]]}, "Coord GPS+IMU": {"trust": {"gps": 7.61732414826082e-05, "imu": 0.010363023817108899, "lidar": 0.011546221210961381, "camera": 0.010248804442544742}, "ranking": [["gps", 13.546429026555606], ["camera", 6.543706028503425], ["imu", 6.527873157856412], ["lidar", 6.373424376325078]]}, "Coord GPS+Cam": {"trust": {"gps": 8.115645029182488e-06, "imu": 0.005957055955799087, "lidar": 0.004746988520614152, "camera": 0.0037447128189485807}, "ranking": [["gps", 16.745309820172178], ["camera", 7.982014784017384], ["lidar", 7.6432069395085716], ["imu", 7.318826981563781]]}, "Coord GPS+LiDAR": {"trust": {"gps": 7.188405987054396e-06, "imu": 0.005293599245820291, "lidar": 0.0030466272654370613, "camera": 0.0040503256878780345}, "ranking": [["gps", 16.91863015630243], ["lidar", 8.276743021196724], ["camera", 7.869939977624194], ["imu", 7.487509825337903]]}, "Coord IMU+LiDAR": {"trust": {"gps": 0.06969284762027926, "imu": 0.059996003112822056, "lidar": 0.07427488715467767, "camera": 0.09711904757814141}, "ranking": [["imu", 4.019253333950284], ["gps", 3.805225118742649], ["lidar", 3.7142605384648504], ["camera", 3.331168226241634]]}, "Coord IMU+Cam": {"trust": {"gps": 0.07807930287685266, "imu": 0.07112315762670843, "lidar": 0.11175963703774912, "camera": 0.0939163268277784}, "ranking": [["imu", 3.776203271694729], ["gps", 3.6429003789087933], ["camera", 3.379072904645905], ["lidar", 3.1305783024749014]]}, "Coord LiDAR+Cam": {"trust": {"gps": 0.12735119081230872, "imu": 0.13249384738129588, "lidar": 0.07646566695035882, "camera": 0.0886945875009963}, "ranking": [["lidar", 3.672733481320218], ["camera", 3.460794874014724], ["gps", 2.944009609850253], ["imu", 2.8874558135601944]]}, "ALL FOUR": {"trust": {"gps": 3.955531348585131e-06, "imu": 0.002587423134345887, "lidar": 0.0026881422863292135, "camera": 0.003196622681433128}, "ranking": [["gps", 17.771993738858498], ["imu", 8.51013261052127], ["lidar", 8.455578462599924], ["camera", 8.208086340811553]]}}