{"GPS Ramp": {"trust": {"gps": 1.1479178696409025e-05, "imu": 0.009549253183654743, "lidar": 0.006263501064473673, "camera": 0.006702564412171502}, "ranking": [["gps", 16.24996530250966], ["lidar", 7.247165678187634], ["camera", 7.150378682470402], ["imu", 6.644703326016793]]}, "IMU Bias": {"trust": {"gps": 0.1364986103654165, "imu": 0.08677391975330097, "lidar": 0.14362474716198484, "camera": 0.15811112697822}, "ranking": [["imu", 3.492070237336762], ["gps", 2.8449154926886906], ["lidar", 2.7722161474552887], ["camera", 2.6349387969633455]]}, "Coord GPS+IMU": {"trust": {"gps": 0.00010461563031687484, "imu": 0.014474196968761592, "lidar": 0.01370383097483242, "camera": 0.014982848091682698}, "ranking": [["gps", 13.093167982973267], ["lidar", 6.128685502912411], ["imu", 6.050553905967009], ["camera", 6.00121313240603]]}, "Coord GPS+Cam": {"trust": {"gps": 1.0729492552334228e-05, "imu": 0.008620263092896074, "lidar": 0.005945293018245953, "camera": 0.005368050384270586}, "ranking": [["gps", 16.346448992657017], ["camera", 7.467557847593343], ["lidar", 7.321650659816211], ["imu", 6.790913819363795]]}, "Coord GPS+LiDAR": {"trust": {"gps": 7.556376254207196e-06, "imu": 0.006288041902742682, "lidar": 0.0020712437967866457, "camera": 0.005113358995693938}, "ranking": [["gps", 16.84731259163279], ["lidar", 8.828008548772702], ["camera", 7.536998218584486], ["imu", 7.241579371364648]]}, "Coord IMU+LiDAR": {"trust": {"gps": 0.08987942883493223, "imu": 0.06332860559265747, "lidar": 0.052670233211366754, "camera": 0.12065785900779656}, "ranking": [["lidar", 4.205292596732794], ["imu", 3.942025924018698], ["gps", 3.4418374091953328], ["camera", 3.0211376430522723]]}, "Coord IMU+Cam": {"trust": {"gps": 0.12117591572645656, "imu": 0.10266189155458123, "lidar": 0.13420300173180255, "camera": 0.15516848265295877}, "ranking": [["imu", 3.2518775665576225], ["gps", 3.0150170574594806], ["lidar", 2.869145267279403], ["camera", 2.6617768107791107]]}, "Coord LiDAR+Cam": {"trust": {"gps": 0.1652954199368699, "imu": 0.16359912604101604, "lidar": 0.06155131863029326, "camera": 0.11840599458827555}, "ranking": [["lidar", 3.9826914326512033], ["camera", 3.0480513254933457], ["imu", 2.5861945669647692], ["gps", 2.5714585458856645]]}, "ALL FOUR": {"trust": {"gps": 4.007049504707626e-06, "imu": 0.003029579114123714, "lidar": 0.0018337425342429801, "camera": 0.004656475665992383}, "ranking": [["gps", 17.753507674043075], ["lidar", 9.001994714030252], ["imu", 8.284759393341458], ["camera", 7.6707091597589026]]}}