{"GPS Ramp": {"trust": {"gps": 0.11145186176323119, "imu": 0.028724935403572873, "lidar": 0.15036471477372268, "camera": 0.18832786923523856}, "ranking": [["imu", 5.071413862910803], ["gps", 3.1345178776724394], ["lidar", 2.7067021488695926], ["camera", 2.385101214049895]]}, "GPS Step": {"trust": {"gps": 0.23953118748883434, "imu": 0.3787451753920841, "lidar": 0.3391022498184288, "camera": 0.4273402656425625}, "ranking": [["gps", 2.041530930641266], ["lidar", 1.5449337074245022], ["imu", 1.3869880863977317], ["camera", 1.2145352972124634]]}, "IMU Bias": {"trust": {"gps": 0.0004373639195555797, "imu": 0.008904553032819968, "lidar": 0.006402279336074397, "camera": 0.010166402056186763}, "ranking": [["gps", 11.049635630808162], ["lidar", 7.215858865371304], ["imu", 6.744560794762083], ["camera", 6.555238445194163]]}, "IMU Noise": {"trust": {"gps": 0.025274875358504943, "imu": 0.10236182498464753, "lidar": 0.07938944271838302, "camera": 0.11365815789633991}, "ranking": [["gps", 5.254206350717153], ["lidar", 3.619128404019985], ["imu", 3.2560591982418603], ["camera", 3.106514214836603]]}, "IMU Burst": {"trust": {"gps": 0.17664855109377475, "imu": 0.32207569745453807, "lidar": 0.2749130861358151, "camera": 0.3588991585104174}, "ranking": [["gps", 2.4765615819148548], ["lidar", 1.844714688121774], ["imu", 1.6185266797191409], ["camera", 1.4638768935236428]]}, "LiDAR Phantom": {"trust": {"gps": 0.11299685985205067, "imu": 0.26670825625428257, "lidar": 0.17999111173138702, "camera": 0.2894120613842305}, "ranking": [["gps", 3.1148503565368877], ["lidar", 2.449782583687422], ["imu", 1.8879998445562929], ["camera", 1.771291126349159]]}, "Camera Noise": {"trust": {"gps": 0.25841848791240074, "imu": 0.3679317690853504, "lidar": 0.35670639368326024, "camera": 0.4406832386339509}, "ranking": [["gps", 1.9331070885492738], ["lidar", 1.4726318031976804], ["imu", 1.428368240139913], ["camera", 1.170612773376265]]}, "Coord GPS+IMU": {"trust": {"gps": 0.00645768676762139, "imu": 0.00787429640619826, "lidar": 0.029084085744961265, "camera": 0.03719703061408846}, "ranking": [["gps", 7.203548729747252], ["imu", 6.9202163478666145], ["lidar", 5.053663051450623], ["camera", 4.702180490129887]]}, "Coord GPS+Cam": {"trust": {"gps": 0.10675679682996876, "imu": 0.025648574382826708, "lidar": 0.14594261025170321, "camera": 0.18087326623221756}, "ranking": [["imu", 5.233238983609794], ["gps", 3.1960027976599097], ["lidar", 2.7493454500256647], ["camera", 2.4427981136053445]]}, "Coord GPS+LiDAR": {"trust": {"gps": 0.04687127617527813, "imu": 0.018938048816993396, "lidar": 0.07439892514991349, "camera": 0.11917079686014544}, "ranking": [["imu", 5.666546022424542], ["gps", 4.371928913487542], ["lidar", 3.7118768345103055], ["camera", 3.038853638786482]]}, "Coord IMU+LiDAR": {"trust": {"gps": 0.0009380375354336977, "imu": 0.00982643941932902, "lidar": 0.009979209792820389, "camera": 0.014978044610953683}, "ranking": [["gps", 9.95960084757836], ["imu", 6.603826608819446], ["lidar", 6.581787672671009], ["camera", 6.001671203896359]]}, "Coord IMU+Cam": {"trust": {"gps": 0.00044029906446871694, "imu": 0.009039673737553391, "lidar": 0.0064107675657903065, "camera": 0.010238296212554374}, "ranking": [["gps", 11.04008052851941], ["lidar", 7.213966100236194], ["imu", 6.723045994582792], ["camera", 6.545171512438734]]}, "Coord LiDAR+Cam": {"trust": {"gps": 0.11096873081432697, "imu": 0.2573730407373767, "lidar": 0.17966003456128626, "camera": 0.28459083528021833}, "ranking": [["gps", 3.14072403104481], ["lidar", 2.452412729729404], ["imu", 1.93889818020775], ["camera", 1.7952897085033415]]}, "ALL FOUR": {"trust": {"gps": 0.0004600864956026947, "imu": 0.0006738289138078188, "lidar": 0.004791677898629099, "camera": 0.006629689917066261}, "ranking": [["gps", 10.977280074626277], ["imu", 10.432191880506343], ["lidar", 7.629820909868364], ["camera", 7.165996065073379]]}}