{"GPS Ramp": {"trust": {"gps": 1.1479178696409025e-05, "imu": 0.009549253183654743, "lidar": 0.006263501064473673, "camera": 0.006702564412171502}, "ranking": [["gps", 16.24996530250966], ["lidar", 7.247165678187634], ["camera", 7.150378682470402], ["imu", 6.644703326016793]]}, "GPS Step": {"trust": {"gps": 0.2824367975535795, "imu": 0.27926357120809275, "lidar": 0.18289368788598584, "camera": 0.193119005960074}, "ranking": [["lidar", 2.426928907808254], ["camera", 2.349212384159612], ["imu", 1.82228463348298], ["gps", 1.8061435412856768]]}, "IMU Bias": {"trust": {"gps": 0.1364986103654165, "imu": 0.08677391975330097, "lidar": 0.14362474716198484, "camera": 0.15811112697822}, "ranking": [["imu", 3.492070237336762], ["gps", 2.8449154926886906], ["lidar", 2.7722161474552887], ["camera", 2.6349387969633455]]}, "IMU Noise": {"trust": {"gps": 0.2024588729871624, "imu": 0.17162627705108568, "lidar": 0.1690496102154559, "camera": 0.17912801720683133}, "ranking": [["lidar", 2.53937579366593], ["imu", 2.5177656771187067], ["camera", 2.456649355477493], ["gps", 2.281740727745848]]}, "IMU Burst": {"trust": {"gps": 0.2527842350567716, "imu": 0.2152577865455412, "lidar": 0.1716876909204638, "camera": 0.17717418776604843}, "ranking": [["lidar", 2.517254575863108], ["camera", 2.4723170266516403], ["imu", 2.1941699455728205], ["gps", 1.9645985428286354]]}, "LiDAR Phantom": {"trust": {"gps": 0.18597782206832963, "imu": 0.18394899838872641, "lidar": 0.06053889201538171, "camera": 0.14737972758945994}, "ranking": [["lidar", 4.006384681787274], ["camera", 2.7353469171426537], ["imu", 2.418709632093333], ["gps", 2.4030397836713027]]}, "Camera Noise": {"trust": {"gps": 0.25100576969999205, "imu": 0.248364065238404, "lidar": 0.17122426412492459, "camera": 0.14289877531957412}, "ranking": [["camera", 2.779455377535662], ["lidar", 2.5211158508793408], ["imu", 1.9897994346993497], ["gps", 1.97468479037427]]}, "Coord GPS+IMU": {"trust": {"gps": 0.00010461563031687484, "imu": 0.014474196968761592, "lidar": 0.01370383097483242, "camera": 0.014982848091682698}, "ranking": [["gps", 13.093167982973267], ["lidar", 6.128685502912411], ["imu", 6.050553905967009], ["camera", 6.00121313240603]]}, "Coord GPS+Cam": {"trust": {"gps": 1.0725972229811467e-05, "imu": 0.008616677237847816, "lidar": 0.005938913071680091, "camera": 0.005358300654312097}, "ranking": [["gps", 16.346917780657797], ["camera", 7.470154851819789], ["lidar", 7.323184495595633], ["imu", 6.791508199810039]]}, "Coord GPS+LiDAR": {"trust": {"gps": 7.557049655585263e-06, "imu": 0.0062886022740026885, "lidar": 0.0020718178948139873, "camera": 0.005113864788598038}, "ranking": [["gps", 16.84718528734387], ["lidar", 8.82761263864374], ["camera", 7.536856917033371], ["imu", 7.241452067075726]]}, "Coord IMU+LiDAR": {"trust": {"gps": 0.08988270450217874, "imu": 0.06332794524216494, "lidar": 0.05267383906945533, "camera": 0.12066298003345946}, "ranking": [["lidar", 4.205194798617887], ["imu", 3.9420408203322372], ["gps", 3.4417853456761534], ["camera", 3.0210770121430053]]}, "Coord IMU+Cam": {"trust": {"gps": 0.12131081573270004, "imu": 0.10246147224040313, "lidar": 0.1344780820184505, "camera": 0.15535575020213416}, "ranking": [["imu", 3.2546691880656002], ["gps", 3.013427574081524], ["lidar", 2.866220074557325], ["camera", 2.6600537561870543]]}, "Coord LiDAR+Cam": {"trust": {"gps": 0.16498148127414472, "imu": 0.1633016187670944, "lidar": 0.061676947774346645, "camera": 0.11823817603256773}, "ranking": [["lidar", 3.979778622575981], ["camera", 3.0500774969678304], ["imu", 2.5887948088755364], ["gps", 2.574174351546422]]}, "ALL FOUR": {"trust": {"gps": 4.0040604461657595e-06, "imu": 0.003033476230587781, "lidar": 0.0018332173421572256, "camera": 0.004658832364482346}, "ranking": [["gps", 17.754573714543223], ["lidar", 9.002403921896516], ["imu", 8.28292292321722], ["camera", 7.669986325433009]]}}