{"GPS Ramp": {"trust": {"gps": 0.10094326245850521, "imu": 0.12515148870560835, "lidar": 0.0996509929946156, "camera": 0.031802025596729275}, "ranking": [["camera", 4.9260361331632625], ["lidar", 3.294401810785636], ["gps", 3.2759952540321566], ["imu", 2.9689005225781155]]}, "GPS Step": {"trust": {"gps": 0.30882365390742245, "imu": 0.32168219517728436, "lidar": 0.2572394237238008, "camera": 0.29150430375866787}, "ranking": [["lidar", 1.939640025636834], ["camera", 1.7610007273141437], ["gps", 1.6785498061770978], ["imu", 1.6202731318770387]]}, "IMU Bias": {"trust": {"gps": 0.0014852464540087613, "imu": 0.002925899045848359, "lidar": 0.0018494896397779168, "camera": 0.002612349777178174}, "ranking": [["gps", 9.303106511717472], ["lidar", 8.989779354773507], ["camera", 8.496435949861542], ["imu", 8.33450497060514]]}, "IMU Noise": {"trust": {"gps": 0.056866914200233584, "imu": 0.076150889135263, "lidar": 0.05274550558303746, "camera": 0.06874351040757547}, "ranking": [["lidar", 4.203252446390251], ["gps", 4.095773685322598], ["camera", 3.824818487089267], ["imu", 3.678626462294107]]}, "IMU Burst": {"trust": {"gps": 0.22071334563222225, "imu": 0.23758825498752026, "lidar": 0.1818781470126144, "camera": 0.21727602577000568}, "ranking": [["lidar", 2.4348833400627674], ["camera", 2.1808381794313716], ["gps", 2.158414997123086], ["imu", 2.0531658922659264]]}, "LiDAR Phantom": {"trust": {"gps": 0.174814154922734, "imu": 0.17967389703763498, "lidar": 0.1133219025929077, "camera": 0.16981275862845194}, "ranking": [["lidar", 3.1107468780014895], ["camera", 2.5329412411044143], ["gps", 2.491474058886263], ["imu", 2.452302506141207]]}, "Camera Noise": {"trust": {"gps": 0.32667512087885275, "imu": 0.3366511249770133, "lidar": 0.27527422914965943, "camera": 0.2874508522452641}, "ranking": [["lidar", 1.8428392589689413], ["camera", 1.7810048315289333], ["gps", 1.59827016582733], ["imu", 1.555297317593028]]}, "Coord GPS+IMU": {"trust": {"gps": 0.009802393799545884, "imu": 0.019617500962015477, "lidar": 0.015449786610258066, "camera": 0.005150209904730665}, "ranking": [["camera", 7.526739724195652], ["gps", 6.607326654105326], ["lidar", 5.957371553382209], ["imu", 5.616190292748585]]}, "Coord GPS+Cam": {"trust": {"gps": 0.0966470712035427, "imu": 0.11976140405221596, "lidar": 0.09674638581249269, "camera": 0.028333857425978395}, "ranking": [["camera", 5.090996877062189], ["gps", 3.3381276812942966], ["lidar", 3.3366604338760353], ["imu", 3.0317911643665565]]}, "Coord GPS+LiDAR": {"trust": {"gps": 0.05189014379248459, "imu": 0.06414957642898775, "lidar": 0.040205347315089894, "camera": 0.01703364204776295}, "ranking": [["camera", 5.817949923528596], ["lidar", 4.5910789634499105], ["gps", 4.226609163577562], ["imu", 3.9236254153771335]]}, "Coord IMU+LiDAR": {"trust": {"gps": 0.0026407725233998864, "imu": 0.005088156817541086, "lidar": 0.003400475084555507, "camera": 0.0034767821827873142}, "ranking": [["gps", 8.48097683161367], ["lidar", 8.119771609099763], ["camera", 8.088068675823171], ["imu", 7.544056617659531]]}, "Coord IMU+Cam": {"trust": {"gps": 0.0014938578143788477, "imu": 0.0029444034275234276, "lidar": 0.0018523116761098425, "camera": 0.0026515048171950975}, "ranking": [["gps", 9.294847668427234], ["lidar", 8.987601236116593], ["camera", 8.47518277801091], ["imu", 8.325498648140385]]}, "Coord LiDAR+Cam": {"trust": {"gps": 0.17171833708962428, "imu": 0.176658706442122, "lidar": 0.11322588641195448, "camera": 0.1638947801403741}, "ranking": [["lidar", 3.111957801150249], ["camera", 2.58361520224467], ["gps", 2.5169995993152137], ["imu", 2.4764794571342814]]}, "ALL FOUR": {"trust": {"gps": 0.0008900226335853617, "imu": 0.0025680958890728694, "lidar": 0.0018648339345674436, "camera": 0.00034703667107474444}, "ranking": [["camera", 11.38011443324359], ["gps", 10.034662377952376], ["lidar", 8.977976104254727], ["imu", 8.520843648385565]]}}