{"GPS Ramp": {"trust": {"gps": 0.10095640971906773, "imu": 0.12522064936686775, "lidar": 0.09965552193402519, "camera": 0.03181401023349964}, "ranking": [["camera", 4.9254978754849565], ["lidar", 3.2943368865311964], ["gps", 3.275809203201786], ["imu", 2.968111289814998]]}, "GPS Step": {"trust": {"gps": 0.3089986151189381, "imu": 0.3214035589621466, "lidar": 0.25705628943712205, "camera": 0.2912942732277366}, "ranking": [["lidar", 1.9406574186031909], ["camera", 1.762030392246262], ["gps", 1.677740691300242], ["imu", 1.6215110748986583]]}, "IMU Bias": {"trust": {"gps": 0.0014846235851347545, "imu": 0.002926147542785376, "lidar": 0.0018499110148529024, "camera": 0.00261307239551132}, "ranking": [["gps", 9.303705738403133], ["lidar", 8.989453915897517], ["camera", 8.496040838470746], ["imu", 8.334383647024014]]}, "IMU Noise": {"trust": {"gps": 0.04279588368197914, "imu": 0.05881809367837075, "lidar": 0.04157383128812179, "camera": 0.05340437648295233}, "ranking": [["lidar", 4.543263378896267], ["gps", 4.5018762238203625], ["camera", 4.185517971092362], ["imu", 4.0475796511339235]]}, "IMU Burst": {"trust": {"gps": 0.2103187701391792, "imu": 0.22687516127149915, "lidar": 0.1757939958106029, "camera": 0.20805220471594996}, "ranking": [["lidar", 2.483489211196587], ["camera", 2.2428089236582704], ["gps", 2.227329923067322], ["imu", 2.1190790901781584]]}, "LiDAR Phantom": {"trust": {"gps": 0.174746510345167, "imu": 0.17958318074124371, "lidar": 0.11337801200244393, "camera": 0.1698370447254141}, "ranking": [["lidar", 3.1100397202496453], ["camera", 2.5327369458335314], ["gps", 2.4920269535430015], ["imu", 2.453023965619116]]}, "Camera Noise": {"trust": {"gps": 0.32671234944569577, "imu": 0.33649921876799616, "lidar": 0.27526284486471575, "camera": 0.2873289156257265}, "ranking": [["lidar", 1.8428983404185844], ["camera", 1.7816109599388688], ["gps", 1.5981073721730537], ["imu", 1.5559420736292529]]}, "Coord GPS+IMU": {"trust": {"gps": 0.009800193260756342, "imu": 0.019633240589783694, "lidar": 0.015459820631016696, "camera": 0.005152153290664962}, "ranking": [["camera", 7.526200767142654], ["gps", 6.607647390021023], ["lidar", 5.956444054319468], ["imu", 5.615044572548544]]}, "Coord GPS+Cam": {"trust": {"gps": 0.09673590995642183, "imu": 0.12007827607964804, "lidar": 0.09683406853386584, "camera": 0.028378662677216514}, "ranking": [["camera", 5.088739614822057], ["gps", 3.3368151302902764], ["lidar", 3.335366284221077], ["imu", 3.028016354559948]]}, "Coord GPS+LiDAR": {"trust": {"gps": 0.0519040460226158, "imu": 0.06417780763371914, "lidar": 0.04023243116426921, "camera": 0.017044557565033872}, "ranking": [["camera", 5.817034758008599], ["lidar", 4.590116947459244], ["gps", 4.226226476860454], ["imu", 3.922996862190008]]}, "Coord IMU+LiDAR": {"trust": {"gps": 0.0026402218181794932, "imu": 0.005086950165377772, "lidar": 0.0034009906648157914, "camera": 0.0034764405640459344}, "ranking": [["gps", 8.481274776165542], ["lidar", 8.119555025422795], ["camera", 8.088209050090345], ["imu", 7.544395442364905]]}, "Coord IMU+Cam": {"trust": {"gps": 0.0014938848469385393, "imu": 0.002945291256134838, "lidar": 0.0018532830926989029, "camera": 0.0026521698812169894}, "ranking": [["gps", 9.294821817511144], ["lidar", 8.98685224001597], ["camera", 8.47482450133715], ["imu", 8.325067954644217]]}, "Coord LiDAR+Cam": {"trust": {"gps": 0.17180412710204782, "imu": 0.1767139876523631, "lidar": 0.11323689045684256, "camera": 0.1637707661629331}, "ranking": [["lidar", 3.1118189698212726], ["camera", 2.5846965660644163], ["gps", 2.5162860671539833], ["imu", 2.476032489049586]]}, "ALL FOUR": {"trust": {"gps": 0.0008903440917131764, "imu": 0.002571588018721041, "lidar": 0.0018654538817336266, "camera": 0.0003471876519236693}, "ranking": [["camera", 11.379493057923565], ["gps", 10.034146500076943], ["lidar", 8.977501267534024], ["imu", 8.51890237826179]]}}