{"GPS Ramp": {"trust": {"gps": 1.1230943517472149e-08, "imu": 0.0009039485300640429, "lidar": 0.0005037545233435433, "camera": 0.0004120226707467976}, "ranking": [["gps", 26.14941864877286], ["camera", 11.134903120063097], ["lidar", 10.847744950573821], ["imu", 10.01248304994695]]}, "GPS Step": {"trust": {"gps": 0.26251993946515506, "imu": 0.2612159691161717, "lidar": 0.1433891788379051, "camera": 0.11708836073688213}, "ranking": [["camera", 3.064037727494476], ["lidar", 2.7745611643505503], ["imu", 1.9177253513488521], ["gps", 1.9106117713828659]]}, "IMU Bias": {"trust": {"gps": 0.11738310087083009, "imu": 0.06138067260613525, "lidar": 0.10208950870200288, "camera": 0.08642464947130248}, "ranking": [["imu", 3.9866575311198096], ["camera", 3.4978319272203007], ["lidar", 3.259864734590839], ["gps", 3.0604461811877095]]}, "IMU Noise": {"trust": {"gps": 0.17858524833485082, "imu": 0.14104536541193877, "lidar": 0.12876159256057623, "camera": 0.10349504892339119}, "ranking": [["camera", 3.2403307198712694], ["lidar", 2.928275291694486], ["imu", 2.798105285487348], ["gps", 2.4609845858006327]]}, "IMU Burst": {"trust": {"gps": 0.22240505400174984, "imu": 0.17264468953396728, "lidar": 0.12470274653621685, "camera": 0.10503286906741076}, "ranking": [["camera", 3.2192599129625306], ["lidar", 2.974032001983716], ["imu", 2.509313734547068], ["gps", 2.1475071314798613]]}, "LiDAR Phantom": {"trust": {"gps": 0.27467760947562264, "imu": 0.2740964751970897, "lidar": 0.15239178318967933, "camera": 0.11334287075538721}, "ranking": [["camera", 3.1104825712239443], ["lidar", 2.687572218944764], ["imu", 1.848964479010019], ["gps", 1.8459388545864441]]}, "Camera Noise": {"trust": {"gps": 0.23194279792990527, "imu": 0.23091688036881233, "lidar": 0.12118868344618734, "camera": 0.07729189765838423}, "ranking": [["camera", 3.6573802081727513], ["lidar", 3.014866543731861], ["imu", 2.0938535120803095], ["gps", 2.0875207119483727]]}, "Coord GPS+IMU": {"trust": {"gps": 5.795405656213467e-07, "imu": 0.002163005942767888, "lidar": 0.0018509742687943668, "camera": 0.0015068011698747192}, "ranking": [["gps", 20.515757393634793], ["camera", 9.282523293928394], ["lidar", 8.98863306676145], ["imu", 8.766080549356406]]}, "Coord GPS+Cam": {"trust": {"gps": 1.044808613667975e-08, "imu": 0.0008240945091438813, "lidar": 0.00043673480806319913, "camera": 0.0003029519692510524}, "ranking": [["gps", 26.252638600177125], ["camera", 11.574194689061947], ["lidar", 11.051691990874104], ["imu", 10.144607627241248]]}, "Coord GPS+LiDAR": {"trust": {"gps": 1.1751283435027153e-08, "imu": 0.0009485397267044676, "lidar": 0.0005355296093397211, "camera": 0.0003989374082603331}, "ranking": [["gps", 26.08471910544042], ["camera", 11.181008607011462], ["lidar", 10.760363395314904], ["imu", 9.943695551072102]]}, "Coord IMU+LiDAR": {"trust": {"gps": 0.12280338150602357, "imu": 0.07771357813135184, "lidar": 0.13090561816604876, "camera": 0.08366518751219745}, "ranking": [["imu", 3.6496075516434514], ["camera", 3.544189011159747], ["gps", 2.995958181363171], ["lidar", 2.904683839229387]]}, "Coord IMU+Cam": {"trust": {"gps": 0.1041319774892085, "imu": 0.07544367874747464, "lidar": 0.08603382651546505, "camera": 0.07941371340650376}, "ranking": [["imu", 3.691955539944263], ["camera", 3.6186917324484984], ["lidar", 3.504306754982915], ["gps", 3.231565957199379]]}, "Coord LiDAR+Cam": {"trust": {"gps": 0.24476606298428233, "imu": 0.24451784072777083, "lidar": 0.15197955292062543, "camera": 0.08987106242037139}, "ranking": [["camera", 3.441970393764403], ["lidar", 2.6914418392050936], ["imu", 2.012095720739313], ["gps", 2.0106462422205262]]}, "ALL FOUR": {"trust": {"gps": 6.402212677718687e-09, "imu": 0.0004378812564474823, "lidar": 0.00045766407637239445, "camera": 0.00033101578410805826}, "ranking": [["gps", 26.952317393483423], ["camera", 11.447634996567277], ["imu", 11.04794684049192], ["lidar", 10.984821572377117]]}}