{
  "0051": {
    "threshold": 0.6053226470947265,
    "percentile": 95,
    "n_clean_windows": 233,
    "clean_mean": 0.5127531627728704,
    "clean_std": 0.09539400603394915
  },
  "0009": {
    "threshold": 0.8266621977090836,
    "percentile": 95,
    "n_clean_windows": 238,
    "clean_mean": 0.7090690800873172,
    "clean_std": 0.12901920663073624
  }
}