{
  "0051": {
    "threshold": 0.6053226470947265,
    "percentile": 95,
    "n_clean_windows": 233,
    "clean_mean": 0.5127531627728704,
    "clean_std": 0.09539400603394915
  },
  "0009": {
    "threshold": 1.4520535826683045,
    "percentile": 95,
    "n_clean_windows": 135,
    "clean_mean": 1.3566415671949033,
    "clean_std": 0.09622330297237267
  }
}