{
  "0051": {
    "threshold": 0.6053226470947265,
    "percentile": 95,
    "n_clean_windows": 233,
    "clean_mean": 0.5127531627728704,
    "clean_std": 0.09539400603394915
  },
  "0009": {
    "threshold": 1.2468394100666047,
    "percentile": 95,
    "n_clean_windows": 92,
    "clean_mean": 1.0183845875055895,
    "clean_std": 0.1808844678014505
  }
}